title,year,doi,url,source_query,abstract,category,relevance_score,problem_claimed,mechanism_introduced,hidden_assumptions,failure_modes_ignored,what_makes_less_novel,what_it_leaves_open
Vision-Language-Action and Vision Language Models for Robot Manipulation: A Comprehensive Review Towards Real-World Applications,2026,10.20944/preprints202606.0400.v1,https://doi.org/10.20944/preprints202606.0400.v1,physics reasoning robot world models,"The convergence of vision, language, and action modeling has catalyzed a paradigm shift in robotic manipulation, enabling robots to interpret natural language commands and execute complex tasks through learned sensorimotor policies. This comprehensive review synthesizes recent advances in Vision-Language-Action (VLA) models and Vision-Language Models (VLMs) for robotic manipulation, establishing a systematic taxonomy spanning end-to-end transformer architectures, diffusion-based policies, and modular frameworks. We analyze foundational models including RT-1, RT-2, PaLM-E, Octo, and OpenVLA, examining their architectural innovations, training methodologies, and empirical performance across manipulation, grasping, and force control tasks. Quantitative analysis reveals that foundation model integration yields substantial generalization improvements (RT-2 achieves 85% success on novel object",world-model|uncertainty|embodied-manipulation|planning-control,12,planning with learned predictive models,learned predictive representation,rollout errors preserve action-relevant structure,miscalibration under embodied distribution shift,can collapse into a standard uncertainty bonus,which physical observation would actually distinguish the candidate models?
Pre- and post-contact policy decomposition for planar contact manipulation under uncertainty,2016,10.1177/0278364915594474,https://doi.org/10.1177/0278364915594474,contact-rich manipulation world model uncertainty,"We consider the problem of using real-time feedback from contact sensors to create closed-loop pushing actions. To do so, we formulate the problem as a partially observable Markov decision process (POMDP) with a transition model based on a physics simulator and a reward function that drives the robot towards a successful grasp. We demonstrate that it is intractable to solve the full POMDP with traditional techniques and introduce a novel decomposition of the policy into pre- and post-contact stages to reduce the computational complexity. Our method uses an offline point-based solver on a variable-resolution discretization of the state space to solve for a post-contact policy as a pre-computation step. Then, at runtime, we use an A* search to compute a pre-contact trajectory. We prove that the value of the resulting policy is within a bound of the value of the optimal policy and give intu",uncertainty|embodied-manipulation|planning-control,9,embodied prediction under contact ambiguity,learned predictive representation,contact observations are timely and geometrically aligned,miscalibration under embodied distribution shift,can collapse into a standard uncertainty bonus,which physical observation would actually distinguish the candidate models?
Neuro-Symbolic Task Planning for Tabletop Manipulation under Perceptual Uncertainty,2026,10.2139/ssrn.6555972,https://doi.org/10.2139/ssrn.6555972,contact-rich manipulation world model uncertainty,"Robotic manipulation in unstructured environments requires reliable symbolic reasoning from noisy perceptual input, yet existing neuro-symbolic systems treat perception as a deterministic oracle and cannot quantify or act on prediction uncertainty. We present a neuro-symbolic framework for tabletop manipulation that explicitly propagates uncertainty from visual perception to symbolic task planning. A hybrid Transformer-GNN architecture extracts probabilistic symbolic states (spatial predicates with calibrated confidence scores) from RGB-D observations, and an uncertainty-aware PDDL planner actively triggers information-gathering actions (look\_closer, push\_obstacle) when predicate confidence falls below a learned threshold. Evaluated on 10,047 PyBullet-simulated scenes (3--10 objects, Franka and UR5 platforms), the system achieves 94\%/90\%/88\% task success on Simple Stack, Deep Stack,",uncertainty|active-probing|embodied-manipulation|planning-control,8,planning with learned predictive models,active data acquisition,uncertainty scores are calibrated enough to guide action,"query cost, unsafe probes, and exploration bias",can collapse into a standard uncertainty bonus,which physical observation would actually distinguish the candidate models?
"New methods for bridging symbolic-geometric reasoning, addressing uncertainty and action learning in task planning for robotics",2026,10.5821/dissertation-2117-452751,https://doi.org/10.5821/dissertation-2117-452751,robot foundation model uncertainty action planning,"(English) The physical world exhibits a wide range of obstacles to the application of robotics in a large number of tasks. Scripted behavior and/or teleoperated programs are still used in many industries (e.g. car assembly) because they are robust and reliable. However, their scope is limited and falls short in less controlled environments. We explore the possibilities of task planning, or Artificial Intelligence (AI) planning, for solving tasks in a more flexible, non-scripted way. In contrast to motion planning, AI planning focuses on high-level decision-making, rather than on concerns such as computation of trajectories and dynamics. Task planning is a very powerful tool for virtual situated agents (e.g. videogames or web services). One of its main advantages is that it allows deliberative, explainable, and adaptive behavior as long as a reliable model of the environment is available.",uncertainty|embodied-manipulation|planning-control,8,planning with learned predictive models,learned predictive representation,uncertainty scores are calibrated enough to guide action,miscalibration under embodied distribution shift,can collapse into a standard uncertainty bonus,which physical observation would actually distinguish the candidate models?
Learning contact-rich whole-body manipulation with example-guided reinforcement learning,2025,10.1126/scirobotics.ads6790,https://doi.org/10.1126/scirobotics.ads6790,contact-rich manipulation world model uncertainty,"Humans use diverse skills and strategies to effectively manipulate various objects, ranging from dexterous in-hand manipulation (fine motor skills) to complex whole-body manipulation (gross motor skills). The latter involves full-body engagement and extensive contact with various body parts beyond just the hands, where the compliance of our skin and muscles plays a crucial role in increasing contact stability and mitigating uncertainty. For robots, synthesizing these contact-rich behaviors has fundamental challenges because of the rapidly growing combinatorics inherent to this amount of contact, making explicit reasoning about all contact interactions intractable. We explore the use of example-guided reinforcement learning to generate robust whole-body skills for the manipulation of large and unwieldy objects. Our method’s effectiveness is demonstrated on Toyota Research Institute’s Puny",uncertainty|embodied-manipulation|sim2real,8,embodied prediction under contact ambiguity,learned predictive representation,contact observations are timely and geometrically aligned,miscalibration under embodied distribution shift,can collapse into a standard uncertainty bonus,which physical observation would actually distinguish the candidate models?
Uncertainty-Aware Navigation for Offroad Robotics,2025,10.54718/wjcj8348,https://doi.org/10.54718/wjcj8348,active learning robotics uncertainty ensemble,"Autonomous off-road navigation presents challenges due to the unpredictable and unstructured nature of real-world terrains, where traditional and learning-based navigation systems often fail to adequately address uncertainty and complex robot-terrain interactions. This thesis surveys recent advances in off-road navigation frameworks, focusing on self-supervised terrain traversability estimation, uncertainty quantification in deep learning, and the integration of physics-based robot-terrain interaction models. It compares geometric, semantic, and hybrid methods for traversability estimation, highlighting the limitations of each in handling deformable and novel terrains. This work emphasizes the necessity of explicit end-to-end uncertainty quantification to distinguish between aleatoric and epistemic uncertainty-to improve risk-aware planning and decision-making in off-road environments. B",uncertainty|planning-control,8,planning with learned predictive models,learned predictive representation,uncertainty scores are calibrated enough to guide action,miscalibration under embodied distribution shift,can collapse into a standard uncertainty bonus,which physical observation would actually distinguish the candidate models?
Primitive Action Based Combined Task and Motion Planning for the Service Robot,2022,10.3389/frobt.2022.713470,https://doi.org/10.3389/frobt.2022.713470,robot foundation model uncertainty action planning,"The need for combined task and motion planning (CTAMP) in robotics is well known as robotic technologies become more mature. The goal of CTAMP is to determine a proper sequence of a robot’s actions based on symbolic and geometric reasoning. Because of the fundamental difference in symbolic and geometric reasoning, a CTAMP system often requires an interface module between the two reasoning modules. We propose a CTAMP system in which a symbolic action sequence is generated in task planning, and each action is verified geometrically in motion planning using the off-the-shelf planners and reasoners. The approach is that a set of action models is defined with PDDL in the interface module (action library) and the required information to each planner is automatically provided by the interface module. The proposed method was successfully implemented in three simulated experiments that involve ma",uncertainty|embodied-manipulation|planning-control,8,planning with learned predictive models,learned predictive representation,uncertainty scores are calibrated enough to guide action,miscalibration under embodied distribution shift,can collapse into a standard uncertainty bonus,which physical observation would actually distinguish the candidate models?
Considering Human Behavior Uncertainty and Disagreements in Human–Robot Cooperative Manipulation,2017,10.1007/978-3-319-40533-9_10,https://doi.org/10.1007/978-3-319-40533-9_10,safe probing robot manipulation uncertainty,,model-disagreement|uncertainty|embodied-manipulation,8,choosing robot actions under model uncertainty,ensemble disagreement,uncertainty scores are calibrated enough to guide action,miscalibration under embodied distribution shift,can collapse into a standard uncertainty bonus,which physical observation would actually distinguish the candidate models?
Active Policy Learning for Robot Planning and Exploration under Uncertainty,2008,10.7551/mitpress/7830.003.0041,https://doi.org/10.7551/mitpress/7830.003.0041,embodied uncertainty planning robot model disagreement,,uncertainty|active-probing|planning-control,8,planning with learned predictive models,active data acquisition,uncertainty scores are calibrated enough to guide action,"query cost, unsafe probes, and exploration bias",can collapse into a standard uncertainty bonus,which physical observation would actually distinguish the candidate models?
Active Policy Learning for Robot Planning and Exploration under Uncertainty,2007,10.15607/rss.2007.iii.041,https://doi.org/10.15607/rss.2007.iii.041,embodied uncertainty planning robot model disagreement,,uncertainty|active-probing|planning-control,8,planning with learned predictive models,active data acquisition,uncertainty scores are calibrated enough to guide action,"query cost, unsafe probes, and exploration bias",can collapse into a standard uncertainty bonus,which physical observation would actually distinguish the candidate models?
Real-World Robot Control by Deep Active Inference With a Temporally Hierarchical World Model,2026,10.1109/lra.2025.3636032,https://doi.org/10.1109/lra.2025.3636032,robot world model ensemble disagreement,,world-model|active-probing|planning-control,7,choosing robot actions under model uncertainty,active data acquisition,rollout errors preserve action-relevant structure,"query cost, unsafe probes, and exploration bias",can collapse into a standard uncertainty bonus,which physical observation would actually distinguish the candidate models?
Uncertainty-aware neural-symbolic task planning with balanced exploration and execution for domestic service robot,2026,10.1016/j.eswa.2026.132962,https://doi.org/10.1016/j.eswa.2026.132962,robot foundation model uncertainty action planning,,uncertainty|active-probing|planning-control,7,planning with learned predictive models,active data acquisition,uncertainty scores are calibrated enough to guide action,miscalibration under embodied distribution shift,can collapse into a standard uncertainty bonus,which physical observation would actually distinguish the candidate models?
Nested Actors and Critics With Uncertainty Parameter in Robot Path Planning,2026,10.1002/rob.70175,https://doi.org/10.1002/rob.70175,robot foundation model uncertainty action planning,"ABSTRACT Rapid advances in robotics sharpen the challenges of path planning in complex, dynamic settings, where adaptability, robustness, and learning efficiency remain limiting. Although TD3 performs well on difficult tasks, efficient and stable policy optimization under high uncertainty is still open. We propose NACUP (nested actors and critics with uncertainty parameter), a TD3‐based framework that nests actors to hierarchically generate actions, decoupling complex control and improving task success. An uncertainty‐quantification parameter is introduced into the critic to realize a probabilistic inference–based robustness mechanism, stabilizing value estimates and decisions under extreme conditions. We validate NACUP in a high‐fidelity 3D point cloud simulator and benchmark against DDPG, SAC, and TD3. NACUP consistently improves cumulative reward and learning efficiency, and reduces c",uncertainty|planning-control,7,planning with learned predictive models,learned predictive representation,uncertainty scores are calibrated enough to guide action,miscalibration under embodied distribution shift,can collapse into a standard uncertainty bonus,which physical observation would actually distinguish the candidate models?
Balancing Exploration and Exploitation in Robotics: Path Optimization and Uncertainty Management in Complex Environments,2026,10.1007/s10846-025-02339-9,https://doi.org/10.1007/s10846-025-02339-9,robot exploration uncertainty active learning,"Abstract Balancing exploration and exploitation is a fundamental challenge in informative path planning for environmental monitoring. Although numerous reward functions have been proposed in the literature, most have been evaluated under different datasets and experimental conditions, making direct comparison difficult. The novelty of this study lies in its development of four synthetic datasets, experimentally validated and designed with increasing spatial complexity (1 to 4 Regions of Interest, ROIs), to enable a fair and systematic comparison of three widely used Gaussian Process-based reward functions: Entropy, Upper Confidence Bound (UCB), and Level Set. The proposed framework integrates a greedy local path optimization algorithm that maximizes expected reward and incorporates a cross-validation strategy to reduce initial model variance and mitigate overfitting. Importantly, this st",uncertainty|active-probing|planning-control,7,planning with learned predictive models,active data acquisition,uncertainty scores are calibrated enough to guide action,miscalibration under embodied distribution shift,can collapse into a standard uncertainty bonus,which physical observation would actually distinguish the candidate models?
Adaptive exploration under localization uncertainty using multi-fidelity Gaussian processes,2026,10.1007/s10514-025-10235-2,https://doi.org/10.1007/s10514-025-10235-2,robot exploration uncertainty active learning,"Abstract This paper considers a robot moving in a 3D environment that is tasked with estimating a quasi-stationary environmental field (e.g., temperature, concentration of a chemical pollutant, or distribution of light radiation density) in the presence of localization uncertainties, as is typical in underwater or other GPS-denied environments. Gaussian process regression has been widely adopted to model environmental fields. However, a drawback of Gaussian process regression is its difficulty in accounting for data with uncertain input. This work proposes a novel multi-fidelity Gaussian process-based regression approach to address the challenge by splitting the data collected by the robot into different datasets corresponding to the amount of input (localization) uncertainty. Furthermore, a sampling-based trajectory planning algorithm is proposed for adaptive robot exploration that opti",uncertainty|active-probing|planning-control,7,planning with learned predictive models,active data acquisition,uncertainty scores are calibrated enough to guide action,miscalibration under embodied distribution shift,can collapse into a standard uncertainty bonus,which physical observation would actually distinguish the candidate models?
Handling uncertainty and variability in robot control,2026,10.70675/5ce50ab2z265bz4ec4z8a2cz4d5f0aefd74e,https://doi.org/10.70675/5ce50ab2z265bz4ec4z8a2cz4d5f0aefd74e,safe probing robot manipulation uncertainty,"Manipulation de l'incertitude et de la variabilité dans le contrôle des robots Parmi les nombreuses recherches en matière de planification et de contrôle des mouvements pour des applications robotiques, l'humanité n'a jamais atteint un point où les robots seraient parfaitement fonctionnels et autonomes dans des environnements dynamiques. Bien qu'il soit controversé de discuter de la nécessité de ces robots, il est très important d'aborder les problèmes qui nous empêchent de réaliser un tel niveau d'autonomie. Ce travail de recherche tente de résoudre ces problèmes qui séparent ces deux modes de fonctionnement avec un accent particulier sur les incertitudes. Les impossibilités pratiques de capacités de détection précises entraînent une variété d'incertitudes dans les scénarios où le robot est mobile ou l'environnement est dynamique. Ce travail se concentre sur le développement de stratégi",uncertainty|embodied-manipulation|planning-control,7,choosing robot actions under model uncertainty,learned predictive representation,uncertainty scores are calibrated enough to guide action,miscalibration under embodied distribution shift,can collapse into a standard uncertainty bonus,which physical observation would actually distinguish the candidate models?
An In-Memory Physics Environment as a World Model for Robot Motion Planning,2024,10.36227/techrxiv.12893876.v2,https://doi.org/10.36227/techrxiv.12893876.v2,robot world model ensemble disagreement,"Publication reference: https://doi.org/10.1007/978-981-16-1740-9_46 This paper investigates the utilization of a physics simulation environment as the imagination of a robot, where it creates a replica of the detected terrain in a physics simulation environment in its memory, and “imagines” a simulated version of itself in that memory, performing actions and navigation on the terrain. The physics of the environment simulates the movement of robot parts and its interaction with the objects in the environment and the terrain, thus avoiding the need for explicitly programming many calculations.",world-model|planning-control,7,planning with learned predictive models,learned predictive representation,rollout errors preserve action-relevant structure,miscalibration under embodied distribution shift,can collapse into a standard uncertainty bonus,which physical observation would actually distinguish the candidate models?
Interactively Robot Action Planning with Uncertainty Analysis and Active Questioning by Large Language Model,2024,10.1109/sii58957.2024.10417267,https://doi.org/10.1109/sii58957.2024.10417267,embodied uncertainty planning robot model disagreement,,uncertainty|active-probing|planning-control,7,planning with learned predictive models,active data acquisition,uncertainty scores are calibrated enough to guide action,"query cost, unsafe probes, and exploration bias",can collapse into a standard uncertainty bonus,which physical observation would actually distinguish the candidate models?
Correction: Planning under uncertainty for safe robot exploration using gaussian process prediction,2024,10.1007/s10514-024-10181-5,https://doi.org/10.1007/s10514-024-10181-5,embodied uncertainty planning robot model disagreement,,uncertainty|active-probing|planning-control,7,planning with learned predictive models,active data acquisition,uncertainty scores are calibrated enough to guide action,miscalibration under embodied distribution shift,can collapse into a standard uncertainty bonus,which physical observation would actually distinguish the candidate models?
Guiding real-world reinforcement learning for in-contact manipulation tasks with Shared Control Templates,2024,10.1007/s10514-024-10164-6,https://doi.org/10.1007/s10514-024-10164-6,contact-rich manipulation world model uncertainty,"Abstract The requirement for a high number of training episodes has been a major limiting factor for the application of Reinforcement Learning (RL) in robotics. Learning skills directly on real robots requires time, causes wear and tear and can lead to damage to the robot and environment due to unsafe exploratory actions. The success of learning skills in simulation and transferring them to real robots has also been limited by the gap between reality and simulation. This is particularly problematic for tasks involving contact with the environment as contact dynamics are hard to model and simulate. In this paper we propose a framework which leverages a shared control framework for modeling known constraints defined by object interactions and task geometry to reduce the state and action spaces and hence the overall dimensionality of the reinforcement learning problem. The unknown task know",active-probing|embodied-manipulation|planning-control|sim2real,7,embodied prediction under contact ambiguity,active data acquisition,contact observations are timely and geometrically aligned,miscalibration under embodied distribution shift,can collapse into a standard uncertainty bonus,which physical observation would actually distinguish the candidate models?
Multi-Robot Active Graph Exploration with Reduced Pose-SLAM Uncertainty via Submodular Optimization,2024,10.1109/iros58592.2024.10802691,https://doi.org/10.1109/iros58592.2024.10802691,robot exploration uncertainty active learning,,uncertainty|active-probing,7,choosing robot actions under model uncertainty,active data acquisition,uncertainty scores are calibrated enough to guide action,"query cost, unsafe probes, and exploration bias",can collapse into a standard uncertainty bonus,which physical observation would actually distinguish the candidate models?
METHODS OF PLANNING THE TRAJECTORY OF A MOBILE ROBOT IN CONDITIONS OF UNCERTAINTY,2023,10.52167/1609-1817-2023-129-6-339-346,https://doi.org/10.52167/1609-1817-2023-129-6-339-346,embodied uncertainty planning robot model disagreement,"This article discusses methods of planning and controlling the movement of a mobile robot in an uncertain environment with fixed and moving obstacles, including those with random changes in the velocity vectors of moving obstacles. The purpose of the article is to analyze the available methods in the field of problem solving for planning the movement of a mobile robot in conditions of uncertainty. The authors have proposed a solution in which the operation of a mobile robot using simulation modeling in conditions of uncertainty will be successful.",uncertainty|planning-control,7,planning with learned predictive models,learned predictive representation,uncertainty scores are calibrated enough to guide action,miscalibration under embodied distribution shift,can collapse into a standard uncertainty bonus,which physical observation would actually distinguish the candidate models?
Active Uncertainty Reduction for Human-Robot Interaction: An Implicit Dual Control Approach,2023,10.1007/978-3-031-21090-7_23,https://doi.org/10.1007/978-3-031-21090-7_23,active learning robotics uncertainty ensemble,,uncertainty|active-probing|planning-control,7,choosing robot actions under model uncertainty,active data acquisition,uncertainty scores are calibrated enough to guide action,"query cost, unsafe probes, and exploration bias",can collapse into a standard uncertainty bonus,which physical observation would actually distinguish the candidate models?
Uncertainty-Aware Haptic Shared Control With Humanoid Robots for Flexible Object Manipulation,2023,10.1109/lra.2023.3306668,https://doi.org/10.1109/lra.2023.3306668,safe probing robot manipulation uncertainty,,uncertainty|embodied-manipulation|planning-control,7,choosing robot actions under model uncertainty,learned predictive representation,uncertainty scores are calibrated enough to guide action,miscalibration under embodied distribution shift,can collapse into a standard uncertainty bonus,which physical observation would actually distinguish the candidate models?
POMDP Planning Under Object Composition Uncertainty: Application to Robotic Manipulation,2023,10.1109/tro.2022.3188168,https://doi.org/10.1109/tro.2022.3188168,safe probing robot manipulation uncertainty,,uncertainty|embodied-manipulation|planning-control,7,planning with learned predictive models,learned predictive representation,uncertainty scores are calibrated enough to guide action,miscalibration under embodied distribution shift,can collapse into a standard uncertainty bonus,which physical observation would actually distinguish the candidate models?
Motion planning for mobile robot with uncertainty : a model predictive control approach,2022,10.14711/thesis-991012980218603412,https://doi.org/10.14711/thesis-991012980218603412,embodied uncertainty planning robot model disagreement,,uncertainty|planning-control,7,planning with learned predictive models,learned predictive representation,uncertainty scores are calibrated enough to guide action,miscalibration under embodied distribution shift,can collapse into a standard uncertainty bonus,which physical observation would actually distinguish the candidate models?
Learning garment manipulation policies toward robot-assisted dressing,2022,10.1126/scirobotics.abm6010,https://doi.org/10.1126/scirobotics.abm6010,safe probing robot manipulation uncertainty,"Assistive robots have the potential to support people with disabilities in a variety of activities of daily living, such as dressing. People who have completely lost their upper limb movement functionality may benefit from robot-assisted dressing, which involves complex deformable garment manipulation. Here, we report a dressing pipeline intended for these people and experimentally validate it on a medical training manikin. The pipeline is composed of the robot grasping a hospital gown hung on a rail, fully unfolding the gown, navigating around a bed, and lifting up the user’s arms in sequence to finally dress the user. To automate this pipeline, we address two fundamental challenges: first, learning manipulation policies to bring the garment from an uncertain state into a configuration that facilitates robust dressing; second, transferring the deformable object manipulation policies lea",active-probing|embodied-manipulation|planning-control|sim2real,7,transfer under dynamics mismatch,active data acquisition,uncertainty scores are calibrated enough to guide action,"query cost, unsafe probes, and exploration bias",can collapse into a standard uncertainty bonus,which physical observation would actually distinguish the candidate models?
An In-Memory Physics Environment as a World Model for Robot Motion Planning,2020,10.36227/techrxiv.12893876,https://doi.org/10.36227/techrxiv.12893876,robot world model ensemble disagreement,"This paper investigates the utilization of a physics simulation environment as the imagination of a robot, where it creates a replica of the detected terrain in a physics simulation environment in its memory, and “imagines” a simulated version of itself in that memory, performing actions and navigation on the terrain. The physics of the environment simulates the movement of robot parts and its interaction with the objects in the environment and the terrain, thus avoiding the need for explicitly programming many calculations.",world-model|planning-control,7,planning with learned predictive models,learned predictive representation,rollout errors preserve action-relevant structure,miscalibration under embodied distribution shift,can collapse into a standard uncertainty bonus,which physical observation would actually distinguish the candidate models?
An In-Memory Physics Environment as a World Model for Robot Motion Planning,2020,10.36227/techrxiv.12893876.v1,https://doi.org/10.36227/techrxiv.12893876.v1,robot world model ensemble disagreement,"This paper investigates the utilization of a physics simulation environment as the imagination of a robot, where it creates a replica of the detected terrain in a physics simulation environment in its memory, and “imagines” a simulated version of itself in that memory, performing actions and navigation on the terrain. The physics of the environment simulates the movement of robot parts and its interaction with the objects in the environment and the terrain, thus avoiding the need for explicitly programming many calculations.",world-model|planning-control,7,planning with learned predictive models,learned predictive representation,rollout errors preserve action-relevant structure,miscalibration under embodied distribution shift,can collapse into a standard uncertainty bonus,which physical observation would actually distinguish the candidate models?
An In-Memory Physics Environment as a World Model for Robot Motion Planning,2020,10.31224/osf.io/qyvdg,https://doi.org/10.31224/osf.io/qyvdg,robot world model ensemble disagreement,"This paper investigates the possibility of utilizing a physics simulation environment as the imagination of a robot, where it creates a replica of the detected terrain in a physics simulation environment in its memory, and “imagines” a simulated version of itself in that memory, performing actions and navigation on the terrain. The physics of the environment simulates the movement of robot parts and its interaction with the objects in the environment and the terrain, thus avoiding the need for explicitly programming many calculations. The robot chooses the best possible action from multiple simulations of movement, and executes it in the real world. Moreover, as the complexity of motion increases with each degree of freedom of the robot’s joints, this paper also explores the utility of uniform pseudo-randomness to explore the fitness landscape of robot motility, and compares it with Comp",world-model|planning-control,7,planning with learned predictive models,learned predictive representation,rollout errors preserve action-relevant structure,miscalibration under embodied distribution shift,can collapse into a standard uncertainty bonus,which physical observation would actually distinguish the candidate models?
Contingent Task and Motion Planning under Uncertainty for Human–Robot Interactions,2020,10.3390/app10051665,https://doi.org/10.3390/app10051665,embodied uncertainty planning robot model disagreement,"Manipulation planning under incomplete information is a highly challenging task for mobile manipulators. Uncertainty can be resolved by robot perception modules or using human knowledge in the execution process. Human operators can also collaborate with robots for the execution of some difficult actions or as helpers in sharing the task knowledge. In this scope, a contingent-based task and motion planning is proposed taking into account robot uncertainty and human–robot interactions, resulting a tree-shaped set of geometrically feasible plans. Different sorts of geometric reasoning processes are embedded inside the planner to cope with task constraints like detecting occluding objects when a robot needs to grasp an object. The proposal has been evaluated with different challenging scenarios in simulation and a real environment.",uncertainty|embodied-manipulation|planning-control,7,planning with learned predictive models,learned predictive representation,uncertainty scores are calibrated enough to guide action,miscalibration under embodied distribution shift,can collapse into a standard uncertainty bonus,which physical observation would actually distinguish the candidate models?
Design of Control Systems Using Active Uncertainty Reduction-Based Reinforcement Learning,2020,10.1115/detc2020-22014,https://doi.org/10.1115/detc2020-22014,active learning robotics uncertainty ensemble,"Abstract Model-free reinforcement learning based methods such as Proximal Policy Optimization, or Q-learning typically require thousands of interactions with the environment to approximate the optimal controller which may not always be feasible in robotics due to safety and time consumption. Model-based methods such as PILCO or BlackDrops, while data-efficient, provide solutions with limited robustness and complexity. To address this tradeoff, we introduce active uncertainty reduction-based virtual environments, which are formed through limited trials conducted in the original environment. We provide an efficient method for uncertainty management, which is used as a metric for self-improvement by identification of the points with maximum expected improvement through adaptive sampling. Capturing the uncertainty also allows for better mimicking of the reward responses of the original syste",uncertainty|active-probing|planning-control,7,choosing robot actions under model uncertainty,active data acquisition,uncertainty scores are calibrated enough to guide action,"query cost, unsafe probes, and exploration bias",can collapse into a standard uncertainty bonus,which physical observation would actually distinguish the candidate models?
Model-Based Robot Learning Control with Uncertainty Directed Exploration,2020,10.1109/aim43001.2020.9158962,https://doi.org/10.1109/aim43001.2020.9158962,robot exploration uncertainty active learning,,uncertainty|active-probing|planning-control,7,choosing robot actions under model uncertainty,active data acquisition,uncertainty scores are calibrated enough to guide action,miscalibration under embodied distribution shift,can collapse into a standard uncertainty bonus,which physical observation would actually distinguish the candidate models?
Modeling Task Uncertainty for Safe Meta-Imitation Learning,2020,10.3389/frobt.2020.606361,https://doi.org/10.3389/frobt.2020.606361,safe probing robot manipulation uncertainty,"To endow robots with the flexibility to perform a wide range of tasks in diverse and complex environments, learning their controller from experience data is a promising approach. In particular, some recent meta-learning methods are shown to solve novel tasks by leveraging their experience of performing other tasks during training. Although studies around meta-learning of robot control have worked on improving the performance, the safety issue has not been fully explored, which is also an important consideration in the deployment. In this paper, we firstly relate uncertainty on task inference with the safety in meta-learning of visual imitation, and then propose a novel framework for estimating the task uncertainty through probabilistic inference in the task-embedding space, called PETNet. We validate PETNet with a manipulation task with a simulated robot arm in terms of the task performa",uncertainty|embodied-manipulation|planning-control,7,choosing robot actions under model uncertainty,learned predictive representation,uncertainty scores are calibrated enough to guide action,miscalibration under embodied distribution shift,can collapse into a standard uncertainty bonus,which physical observation would actually distinguish the candidate models?
Intent-Uncertainty-Aware Grasp Planning for Robust Robot Assistance in Telemanipulation,2019,10.1109/icra.2019.8793819,https://doi.org/10.1109/icra.2019.8793819,embodied uncertainty planning robot model disagreement,,uncertainty|embodied-manipulation|planning-control,7,planning with learned predictive models,learned predictive representation,uncertainty scores are calibrated enough to guide action,miscalibration under embodied distribution shift,can collapse into a standard uncertainty bonus,which physical observation would actually distinguish the candidate models?
"Contributions to robotic manipulation under uncertainty : calibration, estimation, motion planning",2019,10.32657/10220/48014,https://doi.org/10.32657/10220/48014,contact-rich manipulation world model uncertainty,,uncertainty|embodied-manipulation|planning-control,7,planning with learned predictive models,learned predictive representation,uncertainty scores are calibrated enough to guide action,miscalibration under embodied distribution shift,can collapse into a standard uncertainty bonus,which physical observation would actually distinguish the candidate models?
Applied Robot Coverage Path Planning with Multiple Decision Making Capability under Uncertainty using Knowledge Inference with Hedge Algebras,2018,10.20944/preprints201808.0125.v1,https://doi.org/10.20944/preprints201808.0125.v1,embodied uncertainty planning robot model disagreement,"Robotic decision-support systems must facilitate a robots interactions with their environment, this demands adaptability. Adaptability relates to awareness of the environment and `self-awareness', human behaviour exemplifies the concept of awareness to arrive at an optimal choice of action or decision based on reasoning and inference with learned preferences. A similar conceptual approach is required to implement awareness in autonomous robotic systems which must adapt to the current dynamic environment (the context of use). By incorporating `self-awareness' with knowledge of a Robot's preferences (in decision making) the decision maker interface should adapt to the current context of use. This paper proposes a novel approach to enable an autonomous robotics which implements path planning combining adaptation with knowledge reasoning techniques and hedge algebra to enable an autonomous r",uncertainty|planning-control,7,planning with learned predictive models,learned predictive representation,uncertainty scores are calibrated enough to guide action,miscalibration under embodied distribution shift,can collapse into a standard uncertainty bonus,which physical observation would actually distinguish the candidate models?
Learning of assembly constraints by demonstration and active exploration,2016,10.1108/ir-02-2016-0058,https://doi.org/10.1108/ir-02-2016-0058,robot exploration uncertainty active learning,"Purpose In this paper, the authors aim to propose a method for learning robotic assembly sequences, where precedence constraints and object relative size and location constraints can be learned by demonstration and autonomous robot exploration. Design/methodology/approach To successfully plan the operations involved in assembly tasks, the planner needs to know the constraints of the desired task. In this paper, the authors propose a methodology for learning such constraints by demonstration and autonomous exploration. The learning of precedence constraints and object relative size and location constraints, which are needed to construct a planner for automated assembly, were investigated. In the developed system, the learning of symbolic constraints is integrated with low-level control algorithms, which is essential to enable active robot learning. Findings The authors demonstrated that t",active-probing|planning-control,7,planning with learned predictive models,active data acquisition,uncertainty scores are calibrated enough to guide action,"query cost, unsafe probes, and exploration bias",can collapse into a standard uncertainty bonus,which physical observation would actually distinguish the candidate models?
Planning of proactive behaviors for human–robot cooperative tasks under uncertainty,2014,10.1016/j.knosys.2014.08.021,https://doi.org/10.1016/j.knosys.2014.08.021,embodied uncertainty planning robot model disagreement,,uncertainty|active-probing|planning-control,7,planning with learned predictive models,active data acquisition,uncertainty scores are calibrated enough to guide action,"query cost, unsafe probes, and exploration bias",can collapse into a standard uncertainty bonus,which physical observation would actually distinguish the candidate models?
Three-dimensional object reconstruction of symmetric objects by fusing visual and tactile sensing,2014,10.1177/0278364913497816,https://doi.org/10.1177/0278364913497816,visual tactile world model ensemble robotics,"In this work, we propose to reconstruct a complete three-dimensional (3-D) model of an unknown object by fusion of visual and tactile information while the object is grasped. Assuming the object is symmetric, a first hypothesis of its complete 3-D shape is generated. A grasp is executed on the object with a robotic manipulator equipped with tactile sensors. Given the detected contacts between the fingers and the object, the initial full object model including the symmetry parameters can be refined. This refined model will then allow the planning of more complex manipulation tasks. The main contribution of this work is an optimal estimation approach for the fusion of visual and tactile data applying the constraint of object symmetry. The fusion is formulated as a state estimation problem and solved with an iterated extended Kalman filter. The approach is validated experimentally using bot",embodied-manipulation|planning-control,7,embodied prediction under contact ambiguity,learned predictive representation,contact observations are timely and geometrically aligned,miscalibration under embodied distribution shift,can collapse into a standard uncertainty bonus,which physical observation would actually distinguish the candidate models?
RRT-SLAM for motion planning with motion and map uncertainty for robot exploration,2008,10.1109/iros.2008.4651183,https://doi.org/10.1109/iros.2008.4651183,embodied uncertainty planning robot model disagreement,,uncertainty|active-probing|planning-control,7,planning with learned predictive models,active data acquisition,uncertainty scores are calibrated enough to guide action,miscalibration under embodied distribution shift,can collapse into a standard uncertainty bonus,which physical observation would actually distinguish the candidate models?
Coping with uncertainty in control and planning for a mobile robot,2002,10.1109/iros.1991.174626,https://doi.org/10.1109/iros.1991.174626,embodied uncertainty planning robot model disagreement,,uncertainty|planning-control,7,planning with learned predictive models,learned predictive representation,uncertainty scores are calibrated enough to guide action,miscalibration under embodied distribution shift,can collapse into a standard uncertainty bonus,which physical observation would actually distinguish the candidate models?
Sensory interactive robot trajectory control using a real-time world model,1992,10.1007/bf00357129,https://doi.org/10.1007/bf00357129,sim-to-real world model ensemble robot,,world-model|active-probing|planning-control,7,choosing robot actions under model uncertainty,active data acquisition,rollout errors preserve action-relevant structure,"query cost, unsafe probes, and exploration bias",can collapse into a standard uncertainty bonus,which physical observation would actually distinguish the candidate models?
Robot motion planning with uncertainty in control and sensing,1991,10.1016/0004-3702(91)90023-d,https://doi.org/10.1016/0004-3702(91)90023-d,embodied uncertainty planning robot model disagreement,,uncertainty|planning-control,7,planning with learned predictive models,learned predictive representation,uncertainty scores are calibrated enough to guide action,miscalibration under embodied distribution shift,can collapse into a standard uncertainty bonus,which physical observation would actually distinguish the candidate models?
Robot Motion Planning with Uncertainty in Control and Sensing.,1989,10.21236/ada323613,https://doi.org/10.21236/ada323613,embodied uncertainty planning robot model disagreement,,uncertainty|planning-control,7,planning with learned predictive models,learned predictive representation,uncertainty scores are calibrated enough to guide action,miscalibration under embodied distribution shift,can collapse into a standard uncertainty bonus,which physical observation would actually distinguish the candidate models?
Planning With Perceptual Milestones To Control Uncertainty In Robot Navigation,1989,10.1117/12.949077,https://doi.org/10.1117/12.949077,embodied uncertainty planning robot model disagreement,,uncertainty|planning-control,7,planning with learned predictive models,learned predictive representation,uncertainty scores are calibrated enough to guide action,miscalibration under embodied distribution shift,can collapse into a standard uncertainty bonus,which physical observation would actually distinguish the candidate models?
Servoed world models as interfaces between robot control systems and sensory data,1984,10.1017/s0263574700008791,https://doi.org/10.1017/s0263574700008791,physics reasoning robot world models,"SUMMARY A hierarchical robot sensory system being developed for industrial robotics is described. At each level of the hierarchy, sensory interpretative processes are guided by expectancy-generating modeling processes. The modeling processes are driven by a priori knowledge (object prototypes), by knowledge of the robot's movements (feed-forward from the control system), and by feedback from the interpretative processes (prior state of the sensory world). At the lowest level, the senses (vision, proximity, tactile, force, joint angle, etc.) are handled separately; above this level, they are integrated into a multi-model world model. At successively higher levels, the interpretative and modeling processes describe the world with successively higher order constructs, and over successively longer time periods. Each level of the modeling hierarchy provides output, in parallel, to guide the c",world-model|embodied-manipulation|planning-control,7,embodied prediction under contact ambiguity,learned predictive representation,rollout errors preserve action-relevant structure,miscalibration under embodied distribution shift,can collapse into a standard uncertainty bonus,which physical observation would actually distinguish the candidate models?
Chance-Constrained Convex Optimization for Mobile Robot Trajectory Planning in Multi-Obstacle Environments Under Perception Uncertainty,2026,10.1109/etai68332.2026.11485458,https://doi.org/10.1109/etai68332.2026.11485458,embodied uncertainty planning robot model disagreement,,uncertainty|planning-control,6,planning with learned predictive models,learned predictive representation,uncertainty scores are calibrated enough to guide action,miscalibration under embodied distribution shift,can collapse into a standard uncertainty bonus,which physical observation would actually distinguish the candidate models?
Motion planning with uncertainty in human-populated environments via model-based reinforcement learning for social robot navigation,2026,10.1016/j.neucom.2026.132702,https://doi.org/10.1016/j.neucom.2026.132702,embodied uncertainty planning robot model disagreement,,uncertainty|planning-control,6,planning with learned predictive models,learned predictive representation,uncertainty scores are calibrated enough to guide action,miscalibration under embodied distribution shift,can collapse into a standard uncertainty bonus,which physical observation would actually distinguish the candidate models?
Active Exploration for Robotic Manipulation,2026,10.1007/978-981-95-3044-1_6,https://doi.org/10.1007/978-981-95-3044-1_6,robotic active probing model disagreement,,active-probing|embodied-manipulation,6,choosing robot actions under model uncertainty,active data acquisition,uncertainty scores are calibrated enough to guide action,"query cost, unsafe probes, and exploration bias",can collapse into a standard uncertainty bonus,which physical observation would actually distinguish the candidate models?
Multi-modal world model for physical robot interactions: Simultaneous visual and tactile predictions for enhanced accuracy (SPOTS),2026,10.1016/j.robot.2026.105512,https://doi.org/10.1016/j.robot.2026.105512,visual tactile world model ensemble robotics,,world-model|embodied-manipulation,6,embodied prediction under contact ambiguity,learned predictive representation,rollout errors preserve action-relevant structure,miscalibration under embodied distribution shift,can collapse into a standard uncertainty bonus,which physical observation would actually distinguish the candidate models?
"Fine Tactile Interactions : Bio-Tribology, Soft Robotics, and Metamaterials",2026,10.70675/1a829279z9f84z4cb0zafbfz5c84d2cd3fe3,https://doi.org/10.70675/1a829279z9f84z4cb0zafbfz5c84d2cd3fe3,visual tactile world model ensemble robotics,"Interactions tactiles fines : bio-tribologie, robotique souple, et métamatériaux Un simple glissement du doigt nous permet de différencier le verre de l’acrylique, ou bien d’identifier le fil du bois. Le sens du toucher est un véritable microscope perceptuel dont les interactions tactiles fines nous renseignent sur les propriétés de la matière. Dans cette thèse, j’explore ces interactions à travers trois approches distinctes : la première liée à la bio-tribologie du doigt, la seconde à la robotique souple et la troisième à la conception d’interfaces haptiques innovantes basées sur les métamatériaux. Les propriétés bio-tribologiques de la peau restent méconnues notamment aux échelles des seuils perceptuels. En marge de leur étude, j’ai réalisé une gamme de capteurs d’efforts et d’instruments optiques. Ils ont permis des mesures in-vivo et des essais psychophysiques qui ont révélé la capac",model-disagreement|embodied-manipulation,6,embodied prediction under contact ambiguity,ensemble disagreement,contact observations are timely and geometrically aligned,ensembles disagree numerically without identifying a physical test,can collapse into a standard uncertainty bonus,which physical observation would actually distinguish the candidate models?
Slip Detection with Combined Tactile and Visual Information,2026,10.2139/ssrn.6714985,https://doi.org/10.2139/ssrn.6714985,visual tactile world model ensemble robotics,"Slip detection plays a vital role in robotic manipulation and it has long been a challenging problem in the roboticcommunity. In this paper, we propose a new method based ondeep neural network (DNN) to detect slip. The training data isacquired by a GelSight tactile sensor and a camera mounted ona gripper when we use a robot arm to grasp and lift 94 dailyobjects with different grasping forces and grasping positions.The DNN is trained to classify whether a slip occurred or not.To evaluate the performance of the DNN, we test 10 unseenobjects in 152 grasps. A detection accuracy as high as 88.03%is achieved. It is anticipated that the accuracy can be furtherimproved with a larger dataset. This method is beneficial forrobots to make stable grasps, which can be widely applied toautomatic force control, grasping strategy selection and finemanipulation.",embodied-manipulation|planning-control,6,embodied prediction under contact ambiguity,learned predictive representation,uncertainty scores are calibrated enough to guide action,miscalibration under embodied distribution shift,can collapse into a standard uncertainty bonus,which physical observation would actually distinguish the candidate models?
NeuralTouch: Neural Descriptors for Precise Sim-to-Real Tactile Robot Control_supp1-3687919.mp4,2026,10.1109/tmech.2026.3687919/mm1,https://doi.org/10.1109/tmech.2026.3687919/mm1,sim-to-real world model ensemble robot,,embodied-manipulation|planning-control|sim2real,6,embodied prediction under contact ambiguity,learned predictive representation,uncertainty scores are calibrated enough to guide action,miscalibration under embodied distribution shift,can collapse into a standard uncertainty bonus,which physical observation would actually distinguish the candidate models?
Data-Efficient and Contact-Rich Manipulation Through Diffusion Augmentation and Vision-Language Models,2026,10.1609/aaai.v40i47.41353,https://doi.org/10.1609/aaai.v40i47.41353,contact-rich manipulation world model uncertainty,"Recent progress in robot learning has produced impressive results, yet many systems still require learning from large datasets of demonstrations and are less effective in clutter or with highly deformable objects. This talk presents work on data-efficient manipulation using (i) diffusion-based augmentation that synthesizes geometrically consistent images and action labels to reduce demonstration requirements and (ii) Vision-Language Models (VLMs) that inject high-level semantics for contact-rich motion planning in clutter. We will also introduce ManipBench, which evaluates VLMs’ abilities for low-level manipulation. Together, we show how to move the community towards achieving robot manipulators that can learn and operate with reduced demonstration requirements across cluttered and real-world environments.",embodied-manipulation|planning-control,6,embodied prediction under contact ambiguity,learned predictive representation,contact observations are timely and geometrically aligned,miscalibration under embodied distribution shift,can collapse into a standard uncertainty bonus,which physical observation would actually distinguish the candidate models?
Human-assisted reinforcement learning and dynamic force patterns in contact-rich manipulation for robotic disassembly,2026,10.1108/ir-03-2025-0080,https://doi.org/10.1108/ir-03-2025-0080,contact-rich manipulation world model uncertainty,"Purpose The escalating rates of material consumption and energy usage, along with resulting waste, pose significant environmental challenges. Circular economy principles, remanufacturing and disassembly strategies emerge as potential solutions to mitigate these impacts. However, disassembly processes face a critical hurdle due to the inherent variability of products. The purpose of this study is to explore the potential of human-assisted reinforcement learning approaches to effectively manage this variability and improve the adaptability and performance of disassembly operations. Design/methodology/approach This paper investigates the application of reinforcement learning employed with robot–human interactions to address this variability in disassembly, particularly in contact-rich tasks. In addition, this paper proposes using an impedance controller augmented with overlaid force oscilla",embodied-manipulation|planning-control,6,embodied prediction under contact ambiguity,learned predictive representation,contact observations are timely and geometrically aligned,miscalibration under embodied distribution shift,can collapse into a standard uncertainty bonus,which physical observation would actually distinguish the candidate models?
"Slope-Unit Based Landslide Susceptibility Mapping Using Explainable Ensemble Machine Learning and Spatial Uncertainty Analysis in the Chittagong Hill Tracts, Bangladesh",2026,10.2139/ssrn.6459931,https://doi.org/10.2139/ssrn.6459931,active learning robotics uncertainty ensemble,"Landslides are a frequent and serious hazard in the Chittagong Hill Tracts (CHT) of southeastern Bangladesh, where steep sedimentary hills and intense monsoon rainfall often trigger destructive events with significant casualties. However, landslide susceptibility assessments remain limited by the use of pixel-based mapping units, reliance on single-model approaches, and the absence of uncertainty quantification. This study adopts a slope-unit framework derived from a 30 m SRTM DEM. Within each unit, multi-statistical feature engineering was applied by extracting the mean, maximum, minimum, and standard deviation of 11 continuous conditioning factors. This approach captures intra-unit variability beyond conventional zonal mean aggregation. After a two-stage multicollinearity screening process, 23 engineered predictors representing topographic, hydrological, climatic, geological, and anthr",model-disagreement|uncertainty|planning-control,6,planning with learned predictive models,ensemble disagreement,uncertainty scores are calibrated enough to guide action,ensembles disagree numerically without identifying a physical test,can collapse into a standard uncertainty bonus,which physical observation would actually distinguish the candidate models?
Shape sensing of deformable objects for robot manipulation,2026,10.70675/4c43dd40zc2a9z4d3dz98e0z1c3062666c41,https://doi.org/10.70675/4c43dd40zc2a9z4d3dz98e0z1c3062666c41,safe probing robot manipulation uncertainty,"Mesure et suivi de la forme d'objets déformables pour la manipulation robotisée Les objets déformables sont omniprésents dans notre vie quotidienne. Chaque jour, nous manipulons des vêtements dans des configurations innombrables pour nous habiller, nouons les lacets de nos chaussures, cueillons des fruits et des légumes sans les endommager pour notre consommation et plions les reçus dans nos portefeuilles. Toutes ces tâches impliquent de manipuler des objets déformables et peuvent être exécutées sans problème par une personne. Toutefois, les robots n'ont pas encore atteint le même niveau de dextérité. Contrairement aux objets rigides, que les robots sont maintenant capables de manipuler avec des performances proches de celles des humains; les objets déformables doivent être contrôlés non seulement pour les positionner, mais aussi pour définir leur forme. Cette contrainte supplémentaire, ",model-disagreement|embodied-manipulation,6,embodied prediction under contact ambiguity,ensemble disagreement,uncertainty scores are calibrated enough to guide action,ensembles disagree numerically without identifying a physical test,can collapse into a standard uncertainty bonus,which physical observation would actually distinguish the candidate models?
Planification de mouvement pour la manipulation d'objets sous contraintes d'interaction homme-robot,2026,10.70675/27f835eazfa22z4febzbca9z871038d21402,https://doi.org/10.70675/27f835eazfa22z4febzbca9z871038d21402,safe probing robot manipulation uncertainty,"Un robot agit sur son environnement par le mouvement, sa capacité à planifier ses mouvements est donc une composante essentielle de son autonomie. L'objectif de cette thèse est concevoir des méthodes algorithmiques performantes permettant le calcul automatique de trajectoires pour des systèmes robotiques complexes dans le cadre de la robotique d'assistance. Les systèmes considérés qui ont pour vocation de servir l'homme et de l'accompagner dans des tâches du quotidien doivent tenir compte de la sécurité et du bien-être de l'homme. Pour cela, les mouvements du robot doivent être générés en considérant explicitement le partenaire humain raisonant sur un modèle du comportement social de l'homme, de ses capacités et de ses limites afin de produire un comportement synergique optimal.Dans cette thèse nous étendons les travaux pionniers menés au LAAS dans ce domaine afin de produire des mouveme",active-probing|embodied-manipulation|sim2real,6,transfer under dynamics mismatch,active data acquisition,uncertainty scores are calibrated enough to guide action,"query cost, unsafe probes, and exploration bias",can collapse into a standard uncertainty bonus,which physical observation would actually distinguish the candidate models?
Physical human-robot collaboration for object co-manipulation based on adaptable compliant control,2026,10.70675/5f846806zfb7ez460ez9245z58c38173894a,https://doi.org/10.70675/5f846806zfb7ez460ez9245z58c38173894a,safe probing robot manipulation uncertainty,"Collaboration physique homme-robot pour la co-manipulation d'objets basée sur la commande compliante adaptable Au cours des dernières décennies, l'industrie a évolué afin d'augmenter la productivité, d'améliorer la qualité et de réduire les dangers auxquels sont exposés les opérateurs. En ce sens, l'utilisation des robots a évolué au fil du temps, tout en acquérant toujours plus d'importance, grâce à leur précision, leur force accrue et leur possibilité de répéter des mouvements d'une grande précision. Au vu de l’évolution constante des technologies actuelles, il est également possible d'imaginer de nouveaux défis et des tâches plus complexes qui pourraient être accomplis par les robots. Par exemple, ces derniers pourraient travailler dans un environnement beaucoup plus varié, sans avoir besoin d'être isolés dans des zones sécurisées. Pour que ce scénario soit possible et réaliste, les i",embodied-manipulation|planning-control,6,embodied prediction under contact ambiguity,learned predictive representation,contact observations are timely and geometrically aligned,miscalibration under embodied distribution shift,can collapse into a standard uncertainty bonus,which physical observation would actually distinguish the candidate models?
3D visualization and interactive image manipulation for surgical planning in robot-assisted surgery,2026,10.70675/6950032fzf0e7z44d5z8679z39c988e1327b,https://doi.org/10.70675/6950032fzf0e7z44d5z8679z39c988e1327b,safe probing robot manipulation uncertainty,"Visualisation 3D et traitement d’images interactif pour l’assistance au placement des bras d’un robot chirurgical La chirurgie robotisée a été développée pour pallier les difficultés de la chirurgie laparoscopique. Le robot da Vinci (Intuitive Surgical) est largement répandu dans les hôpitaux nord-américains et européens pour la chirurgie abdominale. Basé sur de la téléopération, il améliore la dextérité et la précision des opérations en chirurgie mini-invasive. Cependant, des recommandations incomplètes et des défauts ergonomiques du système, pour positionner les bras du robot à la surface l’abdomen du patient avant l’opération, créent un des principaux problèmes de la chirurgie robotisée : des organes inatteignables ou des collisions entre les instruments pendant l’opération. L’objectif de ces travaux de recherche est de proposer une nouvelle méthode de placement des bras du robot basé",active-probing|embodied-manipulation|planning-control,6,planning with learned predictive models,active data acquisition,uncertainty scores are calibrated enough to guide action,"query cost, unsafe probes, and exploration bias",can collapse into a standard uncertainty bonus,which physical observation would actually distinguish the candidate models?
"When the Robot Says “No”: The Impact of Robot Agreement and Disagreement on User's Trust, Perceived Expertise and Compliance",2025,10.31234/osf.io/2m89h,https://doi.org/10.31234/osf.io/2m89h,robot world model ensemble disagreement,"As social robots engage in increasingly complex interactions with humans, understanding the impact of their conversational behaviors on trust and compliance becomes essential. This study investigates how a robot’s agreement, disagreement, or neutral response to human opinions affects trust, perceived expertise, and compliance behaviors, such as data sharing and monetary donations. A total of 241 participants interacted with the humanoid robot Pepper across conditions that varied by the robot's response type (agreement, disagreement, or neutrality) and the conversational topic (human-centric vs. technical).The results demonstrated that robot disagreement significantly reduced trust and perceived expertise, as well as the willingness to share personal data, compared to agreement or neutral responses. However, no differences were observed in trust, expertise perception, or compliance behavi",model-disagreement|active-probing,6,choosing robot actions under model uncertainty,ensemble disagreement,uncertainty scores are calibrated enough to guide action,miscalibration under embodied distribution shift,can collapse into a standard uncertainty bonus,which physical observation would actually distinguish the candidate models?
Multi-Robot Trajectory Planning under Stochastic Uncertainty via Linearized Chance Constraints,2025,10.1109/cac67268.2025.11487591,https://doi.org/10.1109/cac67268.2025.11487591,embodied uncertainty planning robot model disagreement,,uncertainty|planning-control,6,planning with learned predictive models,learned predictive representation,uncertainty scores are calibrated enough to guide action,miscalibration under embodied distribution shift,can collapse into a standard uncertainty bonus,which physical observation would actually distinguish the candidate models?
Learning-Augmented Model-Based Multi-Robot Planning for Time-Critical Search and Inspection Under Uncertainty,2025,10.1109/case58245.2025.11163899,https://doi.org/10.1109/case58245.2025.11163899,embodied uncertainty planning robot model disagreement,,uncertainty|planning-control,6,planning with learned predictive models,learned predictive representation,uncertainty scores are calibrated enough to guide action,miscalibration under embodied distribution shift,can collapse into a standard uncertainty bonus,which physical observation would actually distinguish the candidate models?
Local Planning for an Autonomous Mobile Robot to Reduce Pedestrian Uncertainty,2025,10.23919/sicefes67750.2025.11236593,https://doi.org/10.23919/sicefes67750.2025.11236593,embodied uncertainty planning robot model disagreement,,uncertainty|planning-control,6,planning with learned predictive models,learned predictive representation,uncertainty scores are calibrated enough to guide action,miscalibration under embodied distribution shift,can collapse into a standard uncertainty bonus,which physical observation would actually distinguish the candidate models?
Collision-Free Trajectory Planning for Multi-Robot Systems Under Stochastic Uncertainty,2025,10.23919/ccc64809.2025.11178935,https://doi.org/10.23919/ccc64809.2025.11178935,embodied uncertainty planning robot model disagreement,,uncertainty|planning-control,6,planning with learned predictive models,learned predictive representation,uncertainty scores are calibrated enough to guide action,miscalibration under embodied distribution shift,can collapse into a standard uncertainty bonus,which physical observation would actually distinguish the candidate models?
Robot Path Planning for Monitoring Dynamic Environment by Predictive Uncertainty Minimization Using Gaussian Process Regression,2025,10.1109/icce63647.2025.10930078,https://doi.org/10.1109/icce63647.2025.10930078,embodied uncertainty planning robot model disagreement,,uncertainty|planning-control,6,planning with learned predictive models,learned predictive representation,uncertainty scores are calibrated enough to guide action,miscalibration under embodied distribution shift,can collapse into a standard uncertainty bonus,which physical observation would actually distinguish the candidate models?
"Towards Damage‐Less Robotic Fragile Fruit Grasping: A Systematic Review on System Design, End Effector, and Visual and Tactile Feedback",2025,10.1002/rob.70021,https://doi.org/10.1002/rob.70021,visual tactile world model ensemble robotics,"ABSTRACT For fragile and delicate fruit in agricultural production, damageless robotic grasping is still an open problem. In this review, we aim to synthesize existing studies and provide insights on this issue. Compared with other related reviews, we focus on fragile fruit and damage problems, and cover more complete stages and technical aspects. The referenced studies were divided into two categories according to their stages, including picking and harvesting in the preharvest stage, and uploading and packaging in the postharvest stage. In this context, the systematic literature review method was adopted for literature collection and selection. The references were classified into four categories according to their technical aspects: system design, end effector, visual feedback, and tactile feedback. Additionally, recent progress in commercial products and companies was also investigate",embodied-manipulation|planning-control,6,embodied prediction under contact ambiguity,learned predictive representation,uncertainty scores are calibrated enough to guide action,miscalibration under embodied distribution shift,can collapse into a standard uncertainty bonus,which physical observation would actually distinguish the candidate models?
Co-Training Multimodal World Models and Diffusion-Guided Policies for Zero-Shot Contact- Rich Manipulation,2025,10.21203/rs.3.rs-7347334/v1,https://doi.org/10.21203/rs.3.rs-7347334/v1,contact-rich manipulation world model uncertainty,"Abstract This study presents MWM‑DD (Multimodal World Model–Diffusion Decision), a unified control architecture that couples: (i) a vision–tactile–proprioceptive encoder aligned in a shared predictive latent; (ii) a Transformer‑VAE world model that captures latent dynamics and rewards; and (iii) a constraint‑ and value‑guided diffusion decision module realized as a receding‑horizon controller. The system is trained end‑to‑end using reconstruction and Kullback–Leibler (KL) annealing, cross‑modal InfoNCE, and a diffusion ELBO objective, plus kernel‑based off‑policy improvements and domain randomization. Across CALVIN (language‑conditioned rearrangements), FurnitureBench (multi‑stage assemblies), and the Functional Manipulation Benchmark (FMB; single‑ and multi‑object assemblies), the approach achieves state‑of‑the‑art zero‑shot performance and transfers to a Franka Panda + DIGIT platform w",world-model|embodied-manipulation|planning-control|sim2real,6,embodied prediction under contact ambiguity,learned predictive representation,contact observations are timely and geometrically aligned,miscalibration under embodied distribution shift,can collapse into a standard uncertainty bonus,which physical observation would actually distinguish the candidate models?
BiTLA: A Bimanual Tactile-Language-Action Model for Contact-Rich Robotic Manipulation,2025,10.1145/3728485.3759237,https://doi.org/10.1145/3728485.3759237,contact-rich manipulation world model uncertainty,,embodied-manipulation,6,embodied prediction under contact ambiguity,learned predictive representation,contact observations are timely and geometrically aligned,miscalibration under embodied distribution shift,can collapse into a standard uncertainty bonus,which physical observation would actually distinguish the candidate models?
A physically consistent stiffness formulation for contact-rich manipulation,2025,10.1177/02783649251393332,https://doi.org/10.1177/02783649251393332,contact-rich manipulation world model uncertainty,"Ensuring symmetric stiffness in impedance-controlled robots is crucial for physically meaningful and stable interaction in contact-rich manipulation. Conventional approaches neglect the change of basis vectors in curved spaces, leading to an asymmetric joint-space stiffness matrix that violates passivity and conservation principles. In this work, we derive a physically consistent, symmetric joint-space stiffness formulation directly from the task-space stiffness matrix by explicitly incorporating Christoffel symbols. This correction resolves long-standing inconsistencies in stiffness modeling, ensuring energy conservation and stability. We validate our approach experimentally on a robotic system, demonstrating that omitting these correction terms results in significant asymmetric stiffness errors. Our findings bridge theoretical insights with practical control applications, offering a ro",embodied-manipulation|planning-control,6,embodied prediction under contact ambiguity,learned predictive representation,contact observations are timely and geometrically aligned,miscalibration under embodied distribution shift,can collapse into a standard uncertainty bonus,which physical observation would actually distinguish the candidate models?
Learning Variable Impedance Control for Contact-rich Robotics Manipulation with Guaranteed Passivity,2025,10.1016/j.ifacol.2025.10.191,https://doi.org/10.1016/j.ifacol.2025.10.191,contact-rich manipulation world model uncertainty,,embodied-manipulation|planning-control,6,embodied prediction under contact ambiguity,learned predictive representation,contact observations are timely and geometrically aligned,miscalibration under embodied distribution shift,can collapse into a standard uncertainty bonus,which physical observation would actually distinguish the candidate models?
FoAR: Force-Aware Reactive Policy for Contact-Rich Robotic Manipulation_supp1-3560871.mp4,2025,10.1109/lra.2025.3560871/mm1,https://doi.org/10.1109/lra.2025.3560871/mm1,contact-rich manipulation world model uncertainty,,active-probing|embodied-manipulation|planning-control,6,embodied prediction under contact ambiguity,active data acquisition,contact observations are timely and geometrically aligned,"query cost, unsafe probes, and exploration bias",can collapse into a standard uncertainty bonus,which physical observation would actually distinguish the candidate models?
AREPO: Uncertainty-Aware Robot Ensemble Learning Under Extreme Partial Observability,2025,10.1109/lra.2025.3554451,https://doi.org/10.1109/lra.2025.3554451,active learning robotics uncertainty ensemble,,model-disagreement|uncertainty,6,choosing robot actions under model uncertainty,ensemble disagreement,uncertainty scores are calibrated enough to guide action,ensembles disagree numerically without identifying a physical test,can collapse into a standard uncertainty bonus,which physical observation would actually distinguish the candidate models?
AREPO: Uncertainty-Aware Robot Ensemble Learning Under Extreme Partial Observability_supp1-3554451.mp4,2025,10.1109/lra.2025.3554451/mm1,https://doi.org/10.1109/lra.2025.3554451/mm1,active learning robotics uncertainty ensemble,,model-disagreement|uncertainty,6,choosing robot actions under model uncertainty,ensemble disagreement,uncertainty scores are calibrated enough to guide action,ensembles disagree numerically without identifying a physical test,can collapse into a standard uncertainty bonus,which physical observation would actually distinguish the candidate models?
Reinforcement learning-based dynamic field exploration and reconstruction using multi-robot systems for environmental monitoring,2025,10.3389/frobt.2025.1492526,https://doi.org/10.3389/frobt.2025.1492526,robot exploration uncertainty active learning,"In the realm of real-time environmental monitoring and hazard detection, multi-robot systems present a promising solution for exploring and mapping dynamic fields, particularly in scenarios where human intervention poses safety risks. This research introduces a strategy for path planning and control of a group of mobile sensing robots to efficiently explore and reconstruct a dynamic field consisting of multiple non-overlapping diffusion sources. Our approach integrates a reinforcement learning-based path planning algorithm to guide the multi-robot formation in identifying diffusion sources, with a clustering-based method for destination selection once a new source is detected, to enhance coverage and accelerate exploration in unknown environments. Simulation results and real-world laboratory experiments demonstrate the effectiveness of our approach in exploring and reconstructing dynamic",active-probing|planning-control,6,planning with learned predictive models,active data acquisition,uncertainty scores are calibrated enough to guide action,miscalibration under embodied distribution shift,can collapse into a standard uncertainty bonus,which physical observation would actually distinguish the candidate models?
COBRA-PPM: A Causal Bayesian Reasoning Architecture Using Probabilistic Programming for Robot Manipulation Under Uncertainty,2025,10.1109/ecmr65884.2025.11163313,https://doi.org/10.1109/ecmr65884.2025.11163313,safe probing robot manipulation uncertainty,,uncertainty|embodied-manipulation,6,choosing robot actions under model uncertainty,Bayesian uncertainty,uncertainty scores are calibrated enough to guide action,miscalibration under embodied distribution shift,can collapse into a standard uncertainty bonus,which physical observation would actually distinguish the candidate models?
Uncertainty-Guided Robotic Manipulation Through Variational Information Bottleneck in Imitation Learning,2025,10.1109/lra.2025.3615539,https://doi.org/10.1109/lra.2025.3615539,safe probing robot manipulation uncertainty,,uncertainty|embodied-manipulation,6,choosing robot actions under model uncertainty,learned predictive representation,uncertainty scores are calibrated enough to guide action,miscalibration under embodied distribution shift,can collapse into a standard uncertainty bonus,which physical observation would actually distinguish the candidate models?
Curvature-Constrained Motion Planning and Control for Traffic Cone Manipulation Robot,2025,10.5220/0013720700003982,https://doi.org/10.5220/0013720700003982,safe probing robot manipulation uncertainty,,embodied-manipulation|planning-control,6,planning with learned predictive models,learned predictive representation,uncertainty scores are calibrated enough to guide action,miscalibration under embodied distribution shift,can collapse into a standard uncertainty bonus,which physical observation would actually distinguish the candidate models?
A Human-Robot Collaboration Controller Utilizing Confidence for Disagreement Adjustment_supp1-3370025.mp4,2024,10.1109/tro.2024.3370025/mm1,https://doi.org/10.1109/tro.2024.3370025/mm1,robot world model ensemble disagreement,,model-disagreement|planning-control,6,choosing robot actions under model uncertainty,ensemble disagreement,uncertainty scores are calibrated enough to guide action,miscalibration under embodied distribution shift,can collapse into a standard uncertainty bonus,which physical observation would actually distinguish the candidate models?
Doxo-Physical Planning: A New Paradigm for Safe and Efficient Human-Robot Interaction under Uncertainty,2024,10.1145/3610978.3638361,https://doi.org/10.1145/3610978.3638361,embodied uncertainty planning robot model disagreement,,uncertainty|planning-control,6,planning with learned predictive models,learned predictive representation,uncertainty scores are calibrated enough to guide action,miscalibration under embodied distribution shift,can collapse into a standard uncertainty bonus,which physical observation would actually distinguish the candidate models?
Uncertainty-Aware Robot Control via Model-Based Reinforcement Learning,2024,10.1109/nnice61279.2024.10498155,https://doi.org/10.1109/nnice61279.2024.10498155,embodied uncertainty planning robot model disagreement,,uncertainty|planning-control,6,choosing robot actions under model uncertainty,learned predictive representation,uncertainty scores are calibrated enough to guide action,miscalibration under embodied distribution shift,can collapse into a standard uncertainty bonus,which physical observation would actually distinguish the candidate models?
A context-aware real-time human-robot collaborating reinforcement learning-based disassembly planning model under uncertainty,2024,10.1080/00207543.2023.2252526,https://doi.org/10.1080/00207543.2023.2252526,embodied uncertainty planning robot model disagreement,,uncertainty|planning-control,6,planning with learned predictive models,learned predictive representation,uncertainty scores are calibrated enough to guide action,miscalibration under embodied distribution shift,can collapse into a standard uncertainty bonus,which physical observation would actually distinguish the candidate models?
MoDem-V2: Visuo-Motor World Models for Real-World Robot Manipulation,2024,10.1109/icra57147.2024.10611121,https://doi.org/10.1109/icra57147.2024.10611121,sim-to-real world model ensemble robot,,world-model|embodied-manipulation,6,choosing robot actions under model uncertainty,learned predictive representation,rollout errors preserve action-relevant structure,miscalibration under embodied distribution shift,can collapse into a standard uncertainty bonus,which physical observation would actually distinguish the candidate models?
Motion Planning Strategy for Reactive Space Robot Based on Sampling Model Predictive Control,2024,10.52202/078367-0052,https://doi.org/10.52202/078367-0052,model predictive control ensemble disagreement robot,,active-probing|planning-control,6,planning with learned predictive models,active data acquisition,uncertainty scores are calibrated enough to guide action,"query cost, unsafe probes, and exploration bias",can collapse into a standard uncertainty bonus,which physical observation would actually distinguish the candidate models?
Loco-manipulation with non-impulsive contact-implicit planning in a slithering robot,2024,10.17760/d20659798,https://doi.org/10.17760/d20659798,contact-rich manipulation world model uncertainty,,embodied-manipulation|planning-control,6,embodied prediction under contact ambiguity,learned predictive representation,contact observations are timely and geometrically aligned,miscalibration under embodied distribution shift,can collapse into a standard uncertainty bonus,which physical observation would actually distinguish the candidate models?
ActNeRF: Uncertainty-aware Active Learning of NeRF-based Object Models for Robot Manipulators using Visual and Re-orientation Actions,2024,10.1109/iros58592.2024.10801767,https://doi.org/10.1109/iros58592.2024.10801767,robot exploration uncertainty active learning,,uncertainty|active-probing,6,choosing robot actions under model uncertainty,active data acquisition,uncertainty scores are calibrated enough to guide action,"query cost, unsafe probes, and exploration bias",can collapse into a standard uncertainty bonus,which physical observation would actually distinguish the candidate models?
Multi-Robot Autonomous Exploration and Mapping Under Localization Uncertainty with Expectation-Maximization,2024,10.1109/icra57147.2024.10611495,https://doi.org/10.1109/icra57147.2024.10611495,robot exploration uncertainty active learning,,uncertainty|active-probing,6,choosing robot actions under model uncertainty,active data acquisition,uncertainty scores are calibrated enough to guide action,miscalibration under embodied distribution shift,can collapse into a standard uncertainty bonus,which physical observation would actually distinguish the candidate models?
MULAN-WC: Multi-Robot Localization Uncertainty-aware Active NeRF with Wireless Coordination,2024,10.1109/iros58592.2024.10801839,https://doi.org/10.1109/iros58592.2024.10801839,robot exploration uncertainty active learning,,uncertainty|active-probing,6,choosing robot actions under model uncertainty,active data acquisition,uncertainty scores are calibrated enough to guide action,"query cost, unsafe probes, and exploration bias",can collapse into a standard uncertainty bonus,which physical observation would actually distinguish the candidate models?
Field Robot Self-Exploration Based on Deep Reinforcement Learning and Obstacle Avoidance Strategy,2024,10.21203/rs.3.rs-4343274/v1,https://doi.org/10.21203/rs.3.rs-4343274/v1,robot exploration uncertainty active learning,"Abstract This paper addresses the challenges posed by deep reinforcement learning (DRL) algorithms when deployed for reactive robotic navigation in agricultural settings. These challenges include the complexity of network models, extensive parameterization, substantial computational demands, and susceptibility to local optima. The intricacies of farmland environments further complicate the application of conventional indoor navigation methods, which falter in tasks such as crop monitoring and interaction with humans. To overcome these obstacles, we introduce the Field Robot Autonomous Navigation System (FRANS), which employs DRL to facilitate the autonomous exploration of unknown farmlands by robots. FRANS is composed of two primary modules: Global Navigation (GN) and Local Navigation (LN). The GN module sets destination points and implements a robust control mechanism to navigate the ro",active-probing|planning-control,6,choosing robot actions under model uncertainty,active data acquisition,uncertainty scores are calibrated enough to guide action,"query cost, unsafe probes, and exploration bias",can collapse into a standard uncertainty bonus,which physical observation would actually distinguish the candidate models?
Field Robot Self-Exploration Based on Deep Reinforcement Learning and Safety Control Mechanism,2024,10.21203/rs.3.rs-4254664/v1,https://doi.org/10.21203/rs.3.rs-4254664/v1,robot exploration uncertainty active learning,"Abstract This paper aims to address the issues that arise when using deep reinforcement learning algorithms for reactive robotic navigation in farmland environments. These challenges include complex network models, a large number of parameters, significant computational requirements, and the possibility of being vulnerable to local optimal solutions. Moreover, the complexity of the farmland environment poses a challenge to the existing indoor reactive navigation methods, which struggle to meet the requirements of tasks such as crop protection and human cooperation.To address these issues, the paper proposes the Field Robot Autonomous Navigation System (FRANS), which utilizes Deep Reinforcement Learning (DRL) to enable farmland robots to autonomously explore unknown environments. The system consists of two modules: Global Navigation (GN) and Local Navigation (LN). The GN module establishe",active-probing|planning-control,6,choosing robot actions under model uncertainty,active data acquisition,uncertainty scores are calibrated enough to guide action,"query cost, unsafe probes, and exploration bias",can collapse into a standard uncertainty bonus,which physical observation would actually distinguish the candidate models?
Utilizing sensory uncertainty detection for robot health monitoring and performing active perception adaptation,2024,10.1007/978-3-658-45699-3_21,https://doi.org/10.1007/978-3-658-45699-3_21,robot exploration uncertainty active learning,,uncertainty|active-probing,6,choosing robot actions under model uncertainty,active data acquisition,uncertainty scores are calibrated enough to guide action,"query cost, unsafe probes, and exploration bias",can collapse into a standard uncertainty bonus,which physical observation would actually distinguish the candidate models?
Human Uncertainty-Aware MPC for Enhanced Human-Robot Collaborative Manipulation,2024,10.1109/icps59941.2024.10640020,https://doi.org/10.1109/icps59941.2024.10640020,safe probing robot manipulation uncertainty,,uncertainty|embodied-manipulation,6,choosing robot actions under model uncertainty,learned predictive representation,uncertainty scores are calibrated enough to guide action,miscalibration under embodied distribution shift,can collapse into a standard uncertainty bonus,which physical observation would actually distinguish the candidate models?
Enhancing Adaptability and Autonomy in Cooperative Selective Compliance Assembly Robot Arm Robots: Implementation of Coordination and Rapidly Exploring Random Tree Algorithms for Safe and Efficient Manipulation Tasks,2024,10.3390/app14156804,https://doi.org/10.3390/app14156804,safe probing robot manipulation uncertainty,"In this study, a cooperative robotic system comprising two Selective Compliance Assembly Robot Arm (SCARA) robots was developed and simulated. An algorithm was proposed for the coordination of robots in cooperative tasks, along with a Rapidly exploring Random Tree (RRT) path planner for obstacle avoidance. The proposed system proved effective in transferring objects between robots and in handling various scenarios of variable complexity without collisions. The implementation of advanced trajectory planning and coordination algorithms significantly improves the adaptability and autonomy of robotic systems, allowing robots to predict and react to the movements of their counterparts and changes in the environment in real time. This capability is crucial for maintaining a safe and efficient work environment. The importance of synchronization and effective communication between robots is high",embodied-manipulation|planning-control|sim2real,6,transfer under dynamics mismatch,learned predictive representation,uncertainty scores are calibrated enough to guide action,miscalibration under embodied distribution shift,can collapse into a standard uncertainty bonus,which physical observation would actually distinguish the candidate models?
Task-Constrained Motion Planning Considering Uncertainty-Informed Human Motion Prediction for Human–Robot Collaborative Disassembly_supp1-3275316.mp4,2023,10.1109/tmech.2023.3275316/mm1,https://doi.org/10.1109/tmech.2023.3275316/mm1,embodied uncertainty planning robot model disagreement,,uncertainty|planning-control,6,planning with learned predictive models,learned predictive representation,uncertainty scores are calibrated enough to guide action,miscalibration under embodied distribution shift,can collapse into a standard uncertainty bonus,which physical observation would actually distinguish the candidate models?
Model-Based Reasoning under Uncertainty for Reliable Robot Mission Planning,2023,10.4204/eptcs.391.2,https://doi.org/10.4204/eptcs.391.2,embodied uncertainty planning robot model disagreement,,uncertainty|planning-control,6,planning with learned predictive models,learned predictive representation,uncertainty scores are calibrated enough to guide action,miscalibration under embodied distribution shift,can collapse into a standard uncertainty bonus,which physical observation would actually distinguish the candidate models?
Social robot response to negative emotions as a PDDL planning problem in the presence of uncertainty,2023,10.15199/48.2023.08.06,https://doi.org/10.15199/48.2023.08.06,embodied uncertainty planning robot model disagreement,,uncertainty|planning-control,6,planning with learned predictive models,learned predictive representation,uncertainty scores are calibrated enough to guide action,miscalibration under embodied distribution shift,can collapse into a standard uncertainty bonus,which physical observation would actually distinguish the candidate models?
Non-Prehensile Manipulation Actions and Visual 6D Pose Estimation for Fruit Grasping Based on Tactile Sensing,2023,10.3390/robotics12040092,https://doi.org/10.3390/robotics12040092,visual tactile world model ensemble robotics,"Robotic manipulation in cluttered environments is one of the challenges roboticists are currently facing. When the objects to handle are delicate fresh fruits, grasping is even more challenging. Detecting and localizing fruits with the accuracy necessary to grasp them is very difficult due to the large variability in the aspect and dimensions of each item. This paper proposes a solution that exploits a state-of-the-art neural network and a novel enhanced 6D pose estimation method that integrates the depth map with the neural network output. Even with an accurate localization, grasping fruits with a suitable force to avoid slippage and damage at the same time is another challenge. This work solves this issue by resorting to a grasp controller based on tactile sensing. Depending on the specific application scenario, grasping a fruit might be impossible without colliding with other objects ",embodied-manipulation|planning-control,6,embodied prediction under contact ambiguity,learned predictive representation,uncertainty scores are calibrated enough to guide action,miscalibration under embodied distribution shift,can collapse into a standard uncertainty bonus,which physical observation would actually distinguish the candidate models?
Sim-to-real via latent prediction: Transferring visual non-prehensile manipulation policies,2023,10.3389/frobt.2022.1067502,https://doi.org/10.3389/frobt.2022.1067502,sim-to-real world model ensemble robot,"Reinforcement Learning has been shown to have a great potential for robotics. It demonstrated the capability to solve complex manipulation and locomotion tasks, even by learning end-to-end policies that operate directly on visual input, removing the need for custom perception systems. However, for practical robotics applications, its scarce sample efficiency, the need for huge amounts of resources, data, and computation time can be an insurmountable obstacle. One potential solution to this sample efficiency issue is the use of simulated environments. However, the discrepancy in visual and physical characteristics between reality and simulation, namely the sim-to-real gap, often significantly reduces the real-world performance of policies trained within a simulator. In this work we propose a sim-to-real technique that trains a Soft-Actor Critic agent together with a decoupled feature extr",world-model|embodied-manipulation|planning-control|sim2real,6,transfer under dynamics mismatch,learned predictive representation,uncertainty scores are calibrated enough to guide action,miscalibration under embodied distribution shift,can collapse into a standard uncertainty bonus,which physical observation would actually distinguish the candidate models?
In-Hand Object Classification and Pose Estimation With Sim-to-Real Tactile Transfer for Robotic Manipulation_supp1-3334971.mp4,2023,10.1109/lra.2023.3334971/mm1,https://doi.org/10.1109/lra.2023.3334971/mm1,sim-to-real world model ensemble robot,,embodied-manipulation|sim2real,6,embodied prediction under contact ambiguity,learned predictive representation,uncertainty scores are calibrated enough to guide action,miscalibration under embodied distribution shift,can collapse into a standard uncertainty bonus,which physical observation would actually distinguish the candidate models?
